{
  "intents": [
    {
      "tag": "greeting",
      "patterns": ["Hi", "Hello", "Hey", "Is anyone there?", "Good day"],
      "responses": [
        "Hi! Ask me about any disease or symptoms."
      ]
    },
    {
      "tag": "goodbye",
      "patterns": ["Bye", "Goodbye", "See you later"],
      "responses": [
        "Goodbye! Stay safe and healthy!"
      ]
    },
    {
      "tag": "covid19",
      "patterns": ["What is COVID-19?", "How does COVID spread?", "Symptoms of coronavirus?"],
      "responses": [
        "COVID-19 (Coronavirus Disease 2019) is an infectious disease caused by the SARS-CoV-2 virus.COVID spreads through respiratory droplets and can cause fever, cough, and fatigue.Common COVID-19 symptoms include fever, cough, fatigue, sore throat, loss of taste or smell, and shortness of breath."
      ]
    },
    {
      "tag": "diabetes",
      "patterns": ["What is diabetes?", "Symptoms of diabetes?", "How to manage diabetes?"],
      "responses": [
        "Diabetes is a chronic condition affecting blood sugar levels.Symptoms include frequent urination, thirst, and fatigue.Diabetes can be managed with a healthy lifestyle and medication."
      ]
    },
    {
      "tag": "hypertension",
      "patterns": ["What is hypertension?", "High blood pressure symptoms", "Is hypertension dangerous?"],
      "responses": [
        "Hypertension (high blood pressure).High blood pressure often has no symptoms but can lead to heart disease, stroke, and kidney problems. It can be controlled with lifestyle changes and medication.Yes, hypertension (high blood pressure) is dangerous because it can lead to heart disease, stroke, kidney failure, and other serious health problems if left untreated."
      ]
    },
    {
      "tag": "malaria",
      "patterns": ["What is malaria?", "How do you get malaria?", "Malaria symptoms?"],
      "responses": [
        "Malaria is a disease caused by Plasmodium parasites, transmitted through the bite of infected mosquitoes. Symptoms include fever, chills, and nausea."
      ]
    },
    {
      "tag": "tuberculosis",
      "patterns": ["What is TB?", "Tuberculosis info", "TB symptoms?"],
      "responses": [
        "Tuberculosis (TB) is an infectious disease that primarily affects the lungs.Symptoms include a persistent cough, fever, night sweats, and weight loss."
      ]
    },
    {
      "tag": "prevention",
      "patterns": ["How to prevent diseases?"],
      "responses": [
        "Prevent diseases by eating healthy, exercising, washing hands, managing stress, and getting vaccinated."
      ]
    },
    {
      "tag": "thanks",
      "patterns": ["Thanks", "Thank you","That was helpful", "Appreciate it"],
      "responses": [
        "You're welcome!"
      ]
    },
    {
      "tag": "asthma",
      "patterns": ["What is asthma?", "Asthma symptoms?", "How to treat asthma?"],
      "responses": [
        "Asthma is a chronic respiratory condition that causes inflammation of the airways.Symptoms include wheezing, shortness of breath, and coughing.Asthma is treated with inhalers (bronchodilators and corticosteroids), avoiding triggers, and sometimes long-term medications as prescribed by a doctor."
      ]
    },
    {
      "tag": "arthritis",
      "patterns": ["What is arthritis?", "Symptoms of arthritis?", "Is arthritis curable?"],
      "responses": [
        "Arthritis refers to inflammation of the joints, causing pain and stiffness. Common types include osteoarthritis and rheumatoid arthritis.Arthritis symptoms include joint pain, stiffness, swelling, and reduced range of motion, often worsening with age or activity.Arthritis is not curable, but its symptoms can be managed with medications, lifestyle changes, and physical therapy."
      ]
    },
    {
      "tag": "cancer",
      "patterns": ["What is cancer?", "Cancer symptoms?", "Types of cancer?"],
      "responses": [
        "Cancer is a group of diseases where abnormal cells grow uncontrollably.Symptoms vary by type but may include lumps, fatigue, or unexplained weight loss.Common types of cancer include breast, lung, prostate, colorectal, skin, leukemia, lymphoma, and pancreatic cancer."
      ]
    },
    {
      "tag": "stroke",
      "patterns": ["What is a stroke?", "Stroke symptoms?", "How to prevent stroke?"],
      "responses": [
        "A stroke occurs when blood flow to the brain is interrupted.Symptoms include sudden numbness, confusion, trouble speaking, or loss of balance.Stroke can be prevented by controlling blood pressure, eating a healthy diet, exercising regularly, avoiding smoking, and managing conditions like diabetes and high cholesterol."
      ]
    },
    {
      "tag": "heart_attack",
      "patterns": ["What is a heart attack?", "Symptoms of heart attack?"],
      "responses": [
        "A heart attack happens when blood flow to the heart is blocked. Symptoms include chest pain, shortness of breath, and nausea."
      ]
    },
    {
      "tag": "hepatitis",
      "patterns": ["What is hepatitis?", "Types of hepatitis?", "Hepatitis symptoms?"],
      "responses": [
        "Hepatitis is liver inflammation, often caused by viruses (A, B, C).The main types of hepatitis are A, B, C, D, and E, each caused by different viruses and varying in transmission, severity, and treatment. Symptoms include jaundice, fatigue, and abdominal pain."
      ]
    },
    {
      "tag": "dengue",
      "patterns": ["What is dengue?", "Dengue symptoms?", "How do you get dengue?"],
      "responses": [
        "Dengue is a mosquito-borne viral infection.Symptoms include high fever, rash, and muscle pain.Dengue is transmitted to humans through the bite of an infected Aedes mosquito, primarily Aedes aegypti."
      ]
    },
    {
      "tag": "typhoid",
      "patterns": ["What is typhoid?", "Typhoid symptoms?"],
      "responses": [
        "Typhoid is a bacterial infection caused by Salmonella typhi, spread through contaminated food or water. Symptoms include high fever, weakness, and stomach pain."
      ]
    },
    {
      "tag": "pneumonia",
      "patterns": ["What is pneumonia?", "Pneumonia symptoms?"],
      "responses": [
        "Pneumonia is an infection that inflames the air sacs in one or both lungs.Symptoms include cough, fever, and difficulty breathing."
      ]
    },
    {
      "tag": "anemia",
      "patterns": ["What is anemia?", "Symptoms of anemia?", "How to treat anemia?"],
      "responses": [
        "Anemia is a condition where the blood lacks enough healthy red cells.Symptoms include fatigue, pale skin, and shortness of breath.Anemia is treated by addressing its cause, often with iron supplements, vitamin B12 or folate, dietary changes, or treating underlying conditions."
      ]
    },
    {
      "tag": "eczema",
      "patterns": ["What is eczema?", "Eczema symptoms?", "Can eczema be treated?"],
      "responses": [
        "Eczema is a skin condition that causes itchy, inflamed patches of skin. It's often chronic and may flare up periodically.Eczema symptoms include dry, itchy, red, inflamed skin, sometimes with cracking, oozing, or thickened patches.Yes, eczema can be managed with moisturizers, anti-inflammatory creams, avoiding triggers, and sometimes medications prescribed by a doctor."
      ]
    },
    {
      "tag": "psoriasis",
      "patterns": ["What is psoriasis?", "Psoriasis treatment?", "Psoriasis symptoms?"],
      "responses": [
        "Psoriasis is a chronic skin condition that causes red, scaly patches. It's an autoimmune disorder and can be managed with medication.Psoriasis is treated with topical creams, light therapy, and systemic medications to reduce inflammation and slow skin cell growth.Psoriasis symptoms include red, scaly patches of skin, itching, dryness, and sometimes joint pain if psoriatic arthritis is present."
      ]
    },
    {
      "tag": "migraine",
      "patterns": ["What is migraine?","How to stop a migraine?"],
      "responses": [
        "Migraine is a type of headache often accompanied by nausea, light sensitivity, and visual disturbances. Triggers vary between individuals.To stop a migraine, use prescribed medications (like triptans or pain relievers), rest in a dark, quiet room, and avoid known triggers."

      ]
    },
    {
      "tag": "cholera",
      "patterns": ["What is cholera?", "Symptoms of cholera?", "How does cholera spread?"],
      "responses": [
        "Cholera is a bacterial infection causing severe diarrhea and dehydration.Cholera symptoms include sudden watery diarrhea, vomiting, and rapid dehydration, which can lead to shock if untreated.It's spread through contaminated water or food."
      ]
    },
    {
      "tag": "measles",
      "patterns": ["What is measles?", "Measles symptoms?"],
      "responses": [
        "Measles is a highly contagious viral disease causing fever, cough, and a red rash. Vaccination can prevent it.Measles is a highly contagious viral disease causing fever, cough, and a red rash. Vaccination can prevent it."
      ]
    },
    {
      "tag": "epilepsy",
      "patterns": ["What is epilepsy?", "Epilepsy symptoms?", "How is epilepsy treated?"],
      "responses": [
        "Epilepsy is a neurological disorder marked by recurrent seizures.Epilepsy symptoms include recurrent seizures, temporary confusion, staring spells, uncontrollable jerking movements, and loss of awareness.Treatment includes medications and lifestyle changes."
      ]
    },
    {
      "tag": "depression",
      "patterns": ["What is depression?"],
      "responses": [
        "Depression is a mental health disorder causing persistent sadness and loss of interest. It can be treated with therapy and medication."
      ]
    },
    {
      "tag": "anxiety",
      "patterns": ["What is anxiety?"],
      "responses": [
        "Anxiety is a mental health condition characterized by excessive worry and fear. It can be managed with therapy, relaxation techniques, and medication."
      ]
    },
    {
      "tag": "HIV",
      "patterns": ["What is HIV?", "How is HIV transmitted?"],
      "responses": [
        "HIV (Human Immunodeficiency Virus) attacks the immune system.It's transmitted through blood, sexual contact, and from mother to child."
      ]
    },
    {
      "tag": "obesity",
      "patterns": ["What is obesity?", "Health risks of obesity?", "How to prevent obesity?"],
      "responses": [
        "Obesity is a condition of excessive body fat that increases the risk of health problems like heart disease and diabetes.Prevention includes a balanced diet and regular exercise."
      ]
    }
  ]
}
